Price,Close,High,Low,Open,Volume
Ticker,PETR4.SA,PETR4.SA,PETR4.SA,PETR4.SA,PETR4.SA
Date,,,,,
2022-01-03,10.843154907226562,10.891611456920884,10.634417852385495,10.638145388662728,52704700
2022-01-04,10.8841552734375,10.958703853639015,10.776058872356417,10.869245130824359,51739200
2022-01-05,10.462950706481934,10.91024493401594,10.414494175460462,10.880425366243978,78459800
2022-01-06,10.455498695373535,10.679145874564608,10.37722257368179,10.544958135813792,61163100
2022-01-07,10.50395393371582,10.54495611012819,10.369765509787811,10.477861898164186,47507600
2022-01-10,10.440587997436523,10.526319180602043,10.332491601393714,10.433132926477427,37455200
2022-01-11,10.74996566772461,10.835696845587,10.380948209532242,10.474134457892577,73623800
2022-01-12,11.077981948852539,11.148803703064923,10.790968818327078,10.790968818327078,81378200
2022-01-13,11.30162525177002,11.417175971677437,10.995974547589732,11.007157150530892,76717500
2022-01-14,11.722829818725586,11.778741423121355,11.271808026563175,11.286718166911179,96458800
2022-01-17,11.741467475891113,11.857018226586545,11.648281226082453,11.704192833776716,35675900
2022-01-18,11.79365348815918,11.920386865621087,11.543914269155396,11.763833911753718,78198800
2022-01-19,11.737741470336914,12.006117648819021,11.719104502328134,11.890566883064125,77480200
2022-01-20,11.82347297668457,11.927841848805336,11.596098974890966,11.741469319917753,85353100
2022-01-21,11.842109680175781,11.883111149702657,11.752650958997078,11.767560390382837,61345400
2022-01-24,11.909204483032227,12.021027712252677,11.570006548648143,11.812290685928954,79117100
2022-01-25,12.296857833862305,12.386315835106691,11.77128674439169,11.816016455968528,98358500
2022-01-26,12.624876022338867,12.773974629726586,12.412411431052673,12.412411431052673,98679900
2022-01-27,12.628602981567383,12.911888600419767,12.363952909350678,12.766518255093573,90631000
2022-01-28,12.129122734069824,12.803790279210382,12.009844446909858,12.598780812023524,117400500
2022-01-31,12.058300971984863,12.300585806636937,11.953932820151687,12.114213294415164,62450300
2022-02-01,12.30058479309082,12.419863077331684,11.909202834056156,12.05829997840258,57315200
2022-02-02,12.12166976928711,12.483232939879304,12.062030615345988,12.453412651953949,36271700
2022-02-03,11.953930854797363,12.270763504719923,11.786196047947996,12.0582989894713,51087800
2022-02-04,12.162670135498047,12.386316573857128,11.883110665639816,12.080665777875339,59346800
2022-02-07,11.983750343322754,12.218578630838165,11.976295273922553,12.132847465599493,48868100
2022-02-08,11.864474296569824,11.909204013065711,11.652009742862493,11.890566334961289,62590000
2022-02-09,11.909204483032227,12.185035020315368,11.797380542857026,11.83092765381411,50960500
2022-02-10,12.091848373413086,12.263312169453862,11.905476567640003,12.039664296234811,49534600
2022-02-11,12.583871841430664,12.639784165824212,12.162670972794643,12.21485505054357,88013400
2022-02-14,12.30058479309082,12.650964575309692,12.23349058046667,12.62114571520413,55687000
2022-02-15,12.106759071350098,12.181308365842712,11.886839434647124,12.173853294202498,65689000
2022-02-16,12.274495124816895,12.561508995978063,12.214855971193117,12.237221187018127,65811600
2022-02-17,12.226036071777344,12.40868175273814,12.132849819062715,12.244673037938394,43255200
2022-02-18,12.30058479309082,12.334131899402895,12.02848111829702,12.140304332034164,60304700
2022-02-21,12.617420196533203,12.673332526443122,12.300587452135971,12.319224421469405,51263800
2022-02-22,12.576419830322266,12.926799699359538,12.378863967795912,12.755337301016384,80206700
2022-02-23,12.755334854125977,12.896976935893699,12.598781208607196,12.740424712284305,86530100
2022-02-24,12.445954322814941,13.154170334693596,12.181305735330191,12.971524673723891,139674100
2022-02-25,12.673331260681152,12.673331260681152,12.263312288658199,12.468321774669676,86189100
2022-03-02,12.923069953918457,13.154172904275057,12.81870179692483,13.142989586090385,58071800
2022-03-03,12.762789726257324,13.019983270427952,12.732969443038453,12.978981091956685,69237400
2022-03-04,12.759061813354492,12.926797356070951,12.60623641263714,12.70315091372194,55418000
2022-03-07,11.853292465209961,12.896978334880167,11.789925777418606,12.859704398142123,110954100
2022-03-08,12.099303245544434,12.289404005746848,11.745195896163397,11.927840874235562,111633500
2022-03-09,12.136579513549805,12.233492602296344,11.830927970974235,12.151488235111897,87779300
2022-03-10,12.561509132385254,12.896978841945815,12.121669836417531,12.151488702598435,136437700
2022-03-11,12.110486030578613,12.814973873720504,11.95393238659743,12.639783263574968,92153700
2022-03-14,11.87938404083252,12.259583419006248,11.74892314229378,12.088121051921682,52274100
2022-03-15,11.59237003326416,11.756378037864343,11.357540277207471,11.607279464070709,66272000
2022-03-16,11.491731643676758,11.756381039879992,11.320269235367373,11.741470894311417,72034900
2022-03-17,11.186079025268555,11.70419441677456,10.995978964633206,11.648282801518226,178319300
2022-03-18,11.409724235534668,11.4880003412443,11.130165496363746,11.215896672413717,93097100
2022-03-21,11.838380813598633,11.961386630259117,11.420906117413411,11.521547434032344,67700800
2022-03-22,11.786199569702148,11.96511632389628,11.685558228947816,11.924114849146404,56128600
2022-03-23,11.946478843688965,12.10303250769316,11.812291106042878,11.901749834791863,52956100
2022-03-24,12.084391593933105,12.151485804223814,11.80483356931287,11.946476349184097,49402800
2022-03-25,12.03966236114502,12.13284860453145,11.898019584017675,11.9837514682587,51780100
2022-03-28,11.778742790222168,11.957660940391255,11.54764056468756,11.95020586935198,68610500
2022-03-29,12.03966236114502,12.211124707717836,11.898019584017675,11.976296398158677,93809000
2022-03-30,12.296857833862305,12.296857833862305,12.069483162676445,12.114212163298637,69648400
2022-03-31,12.46832275390625,12.513051763733985,12.114214656488514,12.140306697380492,94269500
2022-04-01,12.304311752319336,12.595053817515415,12.267037821301304,12.505594392399084,72545400
2022-04-04,12.188760757446289,12.26331003554718,12.021025237196588,12.26331003554718,56053000
2022-04-05,12.073210716247559,12.322950613785375,12.073210716247559,12.173852040158973,45847200
2022-04-06,12.062031745910645,12.218584006463512,11.942753426848538,12.151489774252362,56947100
2022-04-07,12.68824291229248,12.695697984549742,12.114215145670107,12.166399229561296,118469400
2022-04-08,12.751605987548828,12.82615527122217,12.61741756131868,12.699421915550285,60772700
2022-04-11,12.654694557189941,12.710605460772406,12.591327160171748,12.636057589329122,48125400
2022-04-12,12.617420196533203,12.926799290724754,12.59878322719977,12.822431124929828,68522800
2022-04-13,12.885795593261719,12.97152677966508,12.710604973879946,12.811246302764618,101438800
2022-04-14,12.751328468322754,13.077553377079795,12.706472251700585,12.885896340407726,119382100
2022-04-18,12.52704906463623,12.800262737053066,12.425103676089375,12.706473166257542,76350600
2022-04-19,12.906288146972656,13.049011869855544,12.690164385658472,12.7064752460493,88494100
2022-04-20,12.967453956604004,13.028621815941188,12.775796893654865,12.906286875048462,34694700
2022-04-22,12.461804389953613,12.763562654267792,12.36393690783401,12.661617263170504,74560900
2022-04-25,12.278303146362305,12.412871031430576,12.045867779224528,12.221213198485554,66413900
2022-04-26,12.257911682128906,12.469958248967853,12.188588795961614,12.278301223814278,48764100
2022-04-27,12.257911682128906,12.461802432293705,12.213056245984061,12.384324507233751,41881300
2022-04-28,12.339469909667969,12.4862715179064,12.335392000796723,12.41694862265843,43298500
2022-04-29,12.347625732421875,12.881819350266243,12.347625732421875,12.539282782758603,76243900
2022-05-02,12.22529125213623,12.3680149568447,11.960233387838569,12.302769968026249,72456200
2022-05-03,12.335391998291016,12.392481166913658,12.16004580577108,12.282380738538787,52531000
2022-05-04,13.077556610107422,13.118334150446906,12.39656126416289,12.478117900405314,109417000
2022-05-05,13.053089141845703,13.252902822697365,12.649386203900608,12.971533283451985,99439900
2022-05-06,13.481256484985352,13.505722378581131,13.008229245742806,13.330376215184417,129570200
2022-05-09,13.114253997802734,13.47310218127154,13.073476466856253,13.334456398265168,92314500
2022-05-10,13.228432655334473,13.395623025241672,13.130565956422672,13.195810940884916,60330600
2022-05-11,13.689228057861328,13.827873862770314,13.330379817703365,13.367080223578196,108895400
2022-05-12,13.795248031616211,13.897193400260505,13.562811159989371,13.562811159989371,114415900
2022-05-13,13.9746732711792,14.043995384863948,13.823794540081794,13.905349601931357,67000100
2022-05-16,14.113320350646973,14.223421560934161,13.868650475932142,13.966518736930722,92075300
2022-05-17,13.929817199707031,14.329442918094815,13.921661382324043,14.272353751977004,90914700
2022-05-18,13.701461791992188,14.092933328912324,13.632139663352604,13.937975877955674,80986200
2022-05-19,13.933894157409668,13.982829061099306,13.591359164960735,13.668837095791362,63983100
2022-05-20,14.203032493591309,14.203032493591309,13.96651844191913,14.105164234659979,79589900
2022-05-23,14.76169204711914,14.806548265372797,14.333521741579643,14.345754689989505,93807400
2022-05-24,14.35975170135498,14.582418630533365,13.955315072099237,14.177982868019788,154453100
2022-05-25,14.564241409301758,14.668758380811864,14.20524806945421,14.405194220804715,69991900
2022-05-26,14.600595474243164,14.795997288776656,14.51879928520662,14.550608721667023,78303600
2022-05-27,13.905328750610352,14.60968414956923,13.891695763507434,14.60968414956923,118295600
2022-05-30,13.628130912780762,14.028023205251232,13.232783816142124,14.014390217982188,98110100
2022-05-31,13.65993881225586,13.914416012184004,13.546333198026455,13.818986845525437,83598000
2022-06-01,13.641765594482422,13.78263634679139,13.564513723846746,13.587234505375132,46353200
2022-06-02,13.523615837097168,13.655397932177328,13.428186646339155,13.619044161112912,50738300
2022-06-03,13.759913444519043,13.832620974294557,13.419096573668021,13.500891894608882,60396900
2022-06-06,13.769002914428711,13.873520759623396,13.591778397336093,13.859887771100029,39213900
2022-06-07,13.932596206665039,14.223426379948174,13.70538491710202,13.719017906503023,80333700
2022-06-08,13.86443042755127,14.1552605470167,13.782634239766086,13.823532333658678,65923900
2022-06-09,13.664484977722168,13.932594332684307,13.623586881762373,13.864431128332038,53879000
2022-06-10,13.473628044128418,13.637220434750397,13.20551867805004,13.637220434750397,63101700
2022-06-13,13.300947189331055,13.44181792594653,13.028293507653695,13.187341560860668,64507100
2022-06-14,13.450905799865723,13.746280243315823,13.287313427050606,13.478170906420873,68816900
2022-06-15,13.214603424072266,13.64176072491742,13.105542151530472,13.63267206885345,72785700
2022-06-17,12.410276412963867,12.928318576403461,11.874057802894852,12.80107998302949,184606500
2022-06-20,12.55115032196045,12.837436126784127,11.77408736588104,11.824074120192384,92581800
2022-06-21,12.30121898651123,12.796539663403516,12.128538789097922,12.632947258780808,85179500
2022-06-22,12.264864921569824,12.519341315203748,11.992211209305207,12.078551739316492,57874700
2022-06-23,12.037650108337402,12.442085795079182,11.869514294031227,12.26031699579872,69262300
2022-06-24,11.94676685333252,12.31030447353707,11.896780105526123,12.160345096859935,53413400
2022-06-27,12.714742660522461,12.755640759103034,12.114905036997014,12.187612575197539,90417700
2022-06-28,12.873788833618164,13.101000073792676,12.732918107397754,12.98739445370542,51388000
2022-06-29,12.760185241699219,13.096457826597307,12.651123933089748,12.941954089381667,52048800
2022-06-30,12.692020416259766,12.751094959207071,12.451176182030025,12.564781805710487,49910100
2022-07-01,12.96467399597168,13.1100890545892,12.50570717549631,12.76018352807697,64948200
2022-07-04,13.241870880126953,13.305490617145344,12.969218083661655,12.969218083661655,37324200
2022-07-05,12.737462043762207,13.15553074747207,12.519338601191183,13.132809104109427,78428500
2022-07-06,12.573870658874512,12.941952642627115,12.228509453513967,12.796537580736809,57617200
2022-07-07,12.941951751708984,13.141897881415023,12.723829173888987,12.723829173888987,52147300
2022-07-08,13.08736801147461,13.164619873258502,12.891967059190323,12.964674591840792,43097800
2022-07-11,13.023749351501465,13.08282476446638,12.837436187674587,12.869245625390077,39577600
2022-07-12,12.828347206115723,12.919232054506764,12.710197249904228,12.860156643029942,46462000
2022-07-13,12.837438583374023,12.94195557444174,12.714744272081138,12.782907489440852,35497200
2022-07-14,12.492074012756348,12.72382958419175,12.378468391468921,12.72382958419175,47151000
2022-07-15,12.70565128326416,12.746549373094833,12.492073043836674,12.587502209022258,38610800
2022-07-18,12.996482849121094,13.037380940866738,12.860155587721588,12.901053679467232,46782300
2022-07-19,13.260048866271973,13.28731397394934,12.90559899949762,12.97376220206211,48562300
2022-07-20,13.25550365447998,13.278224431574387,13.10099994336017,13.21006123354908,43520800
2022-07-21,13.187338829040527,13.237324705828016,12.814712583527708,13.169161516214546,58843200
2022-07-22,13.32821273803711,13.391831614725943,13.110090132182092,13.196430655361358,55676200
2022-07-25,13.950770378112793,13.973491155245625,13.455449809286671,13.455449809286671,79106600
2022-07-26,14.091641426086426,14.36883942051798,13.900783946873933,14.177981941305488,78360100
2022-07-27,14.24614429473877,14.300674504564713,13.914416106947774,14.223422651692912,56097200
2022-07-28,14.673304557800293,14.82780829416351,14.28250088738248,14.35520842605432,114996500
2022-07-29,15.51853084564209,15.750285584450554,14.918693215624867,15.268597055231192,181480600
2022-08-01,15.304949760437012,15.518528887664631,15.09591582890765,15.450364820064763,81365100
2022-08-02,15.373112678527832,15.677574895143755,15.21406377718228,15.345846706829821,69147100
2022-08-03,15.382203102111816,15.523074721043841,15.250421875964873,15.454910643031843,65544500
2022-08-04,15.545794486999512,15.632135877972258,15.259509538413965,15.486720805631675,54387500
2022-08-05,15.845712661743164,15.932054049290503,15.50489577443777,15.518529628699332,77882600
2022-08-08,16.64549446105957,16.709113325296332,15.96386080112165,15.968404262788258,109484600
2022-08-09,16.918149948120117,17.022666918074382,16.745468907833615,16.818176440561988,79051200
2022-08-10,16.863618850708008,17.109007410899686,16.636407606119615,17.109007410899686,78369600
2022-08-11,16.472814559936523,17.20443501499048,16.472814559936523,17.01812187137608,128896500
2022-08-12,17.696083068847656,17.763050740898002,16.228385655929255,16.239547112006818,171288300
2022-08-15,17.7016658782959,17.986276655248844,17.048735522795653,17.232895312069303,96759000
2022-08-16,17.863502502441406,17.896986874142012,17.57889279389229,17.701665630215736,64218800
2022-08-17,18.282045364379883,18.315529732042698,17.63469688912406,17.66259946442806,72924700
2022-08-18,18.650365829467773,18.78430117801161,18.343433228057908,18.471786783962756,84552500
2022-08-19,17.707244873046875,18.499691239492655,17.484021069182248,18.37133555649226,125178200
2022-08-22,18.08672523498535,18.181596545754314,17.009669221795043,17.712824977521592,92400300
2022-08-23,18.661527633666992,18.69501200363446,18.20391855492922,18.209500347672225,73215800
2022-08-24,18.77313804626465,19.041006590617812,18.555494987029576,18.71733289783564,61067900
2022-08-25,18.572240829467773,19.174946804177473,18.23182380251105,19.029849975230103,99511600
2022-08-26,18.77313804626465,18.78987916502736,18.17601401698844,18.57223610579229,63545400
2022-08-29,19.24190902709961,19.576746312794818,18.667107893910018,18.722913043777545,73339500
2022-08-30,18.097888946533203,19.096817021727713,18.008599417002596,18.974043120311762,99361100
2022-08-31,18.544334411621094,18.661526506181477,17.75746985998273,17.896984866506056,114235400
2022-09-01,18.890335083007812,18.946142374883788,18.282049438958033,18.616886803722338,69184700
2022-09-02,18.650365829467773,19.292135737822157,18.561076306715265,19.219587335326324,81792300
2022-09-05,18.605724334716797,19.03543087908358,18.499693679157613,18.890334056917965,76337600
2022-09-06,17.913728713989258,18.187179105101585,17.584474227716726,18.00860003986388,111813500
2022-09-08,17.746309280395508,18.29320787751571,17.52308547181737,18.030921099903367,63159800
2022-09-09,17.7407283782959,18.231819658476052,17.690502891819516,18.131370814353303,49871900
2022-09-12,17.567731857299805,18.26530698884203,17.556570399735485,17.941633234798225,71374500
2022-09-13,17.10453987121582,17.545407810077556,17.031992534960303,17.26637779239242,88327800
2022-09-14,17.36682891845703,17.53982723287376,17.093378562088105,17.16034623525122,49039700
2022-09-15,17.333343505859375,17.42821374955195,17.188247776422788,17.25521544555313,45553200
2022-09-16,17.17708969116211,17.271959947590414,16.93154295727441,17.221734455103952,107303600
2022-09-19,17.450538635253906,17.5119245191196,16.674834414556393,17.0208321261185,65559900
2022-09-20,17.350088119506836,17.634698890450558,17.210573098323547,17.53424790489217,67798200
2022-09-21,17.394731521606445,17.56214910815062,17.238474326927502,17.495182499298974,58812200
2022-09-22,17.824438095092773,17.90256722501862,17.31660354044255,17.567729921476527,69764300
2022-09-23,16.70831871032715,17.517505169133724,16.61344845632471,17.478441134735384,138630800
2022-09-26,16.345579147338867,16.786446027191328,16.334417691034993,16.58554407138182,42934600
2022-09-27,16.557645797729492,16.674837926128706,16.50742029572545,16.55206506812734,71087600
2022-09-28,16.33441925048828,16.641351877242403,15.94935748656308,16.557643075801746,104670700
2022-09-29,16.356740951538086,16.406966444827145,15.960518798274562,16.178161892917053,87536500
2022-09-30,16.630189895629883,17.015251647416562,16.18374225907658,16.306515093024956,121637100
2022-10-03,17.958370208740234,18.21507728693479,17.668178765586877,17.80769375967042,179694100
2022-10-04,17.50634765625,18.404823788441576,17.338928969900092,18.36018008271327,115917200
2022-10-05,18.16485595703125,18.315532440550964,17.41147566826304,17.528667779168256,92893700
2022-10-06,18.7843017578125,18.856850162547634,18.10346779529099,18.41598219898599,82671900
2022-10-07,18.767560958862305,19.152621645065185,18.53875641277127,18.739658380818078,73500100
2022-10-10,18.555498123168945,18.912656242671225,18.41598309968647,18.778723012273026,52222600
2022-10-11,18.415983200073242,18.60014405391253,18.198340102867046,18.354596248793477,58332400
2022-10-13,18.940555572509766,19.24749027458341,18.086724456490227,18.136949941481372,91143900
2022-10-14,18.650365829467773,19.052169746269136,18.58339921961093,18.957300559707786,62246100
2022-10-17,18.633625030517578,19.05775186752798,18.32669242381516,18.549917298960654,100936400
2022-10-18,19.091236114501953,19.102397572314963,18.505273416716665,18.91823884047634,82313200
2022-10-19,19.766489028930664,19.844619236321268,18.98520611449894,19.046593070176318,113700900
2022-10-20,20.352453231811523,20.397096934363084,19.961810722540918,20.145969454915523,114347400
2022-10-21,21.05002784729004,21.423927095898527,20.307806885608798,20.34129125829642,139601400
2022-10-24,19.113557815551758,20.547772056514475,19.102396358448008,20.36919300051501,142110900
2022-10-25,18.711753845214844,19.25307280531459,18.533174789500954,18.99636567882966,113161200
2022-10-26,18.2541446685791,18.711753762937576,17.80211630273904,18.192757719291702,121334800
2022-10-27,18.393659591674805,18.717335457551687,18.23182165873636,18.30995185758372,111008800
2022-10-28,18.176013946533203,18.48294651936291,17.77979185926522,18.248562342273658,129745400
2022-10-31,16.63576889038086,17.634696836632727,16.27303009043357,17.082217544821003,262409400
2022-11-01,16.66367530822754,17.115703701543193,16.496256635744384,17.05989747738214,115944200
2022-11-03,16.713899612426758,16.95944527817244,16.429288847461653,16.630189749943106,139062100
2022-11-04,15.793099403381348,17.244055784313243,15.726132791697703,17.188249564966807,195361000
2022-11-07,15.151329040527344,15.793097838378115,15.106684282357245,15.603357350051452,117206600
2022-11-08,15.262943267822266,15.363394251652965,14.928107009858307,15.101105335113889,94745400
2022-11-09,15.01181697845459,15.597780741672652,14.866721219879121,15.15133200811386,103303500
2022-11-10,14.576528549194336,15.00623396620582,14.291917804265665,14.554205636926186,145470100
2022-11-11,15.062043190002441,15.268525912052489,14.34214615624848,14.397951319231773,146365800
2022-11-14,15.458264350891113,15.726132928791053,15.117847367883826,15.212717622275276,66639500
2022-11-16,15.151329040527344,15.687067202983506,15.028556221663324,15.519648561534394,85549900
2022-11-17,15.156911849975586,15.235039921399487,14.816494856916917,15.067622321372514,101525800
2022-11-18,14.9002046585083,15.402458520886247,14.632335009413609,15.29084607839553,127683500
2022-11-21,14.944849967956543,15.38571689661024,14.53746528309063,15.134590488465276,164898100
2022-11-22,13.929098129272461,13.988803021300393,13.314139677304142,13.73207278272356,164261300
2022-11-23,13.994773864746094,14.120153115259695,13.612663232470108,13.732073018576877,77317300
2022-11-24,14.478382110595703,14.705259349823933,13.881335425622686,14.042538303871684,94233800
2022-11-25,14.245532989501953,14.526144496298391,14.090300728686028,14.484351414304887,58635900
2022-11-28,14.544057846069336,14.657495898133872,14.054479738660966,14.120154100704593,56067400
2022-11-29,15.153044700622559,15.451568049749511,14.615702899949286,14.687349004801284,96151500
2022-11-30,15.917263984680176,15.917263984680174,15.22468994495303,15.284394839159054,120774700
2022-12-01,15.278422355651855,15.994878720402573,15.26051054796149,15.869498344121999,71259400
2022-12-02,15.469480514526367,15.791886291823623,15.111252252677058,15.338130645317998,66301000
2022-12-05,15.296333312988281,15.86949746190471,15.254539097367516,15.52321050390705,56065400
2022-12-06,15.308274269104004,15.756059213532017,15.176924428697815,15.415742837970887,74991200
2022-12-07,15.135132789611816,15.565005967208105,15.087369103212227,15.129162186464853,57008400
2022-12-08,14.794814109802246,15.397831269733864,14.711226817356403,15.254539093762682,55567700
2022-12-09,14.753022193908691,14.956018146272505,14.62167234069874,14.92019566608363,61586200
2022-12-12,14.275385856628418,14.723170861262373,13.809689041849687,14.675407172985798,111293100
2022-12-13,13.923127174377441,14.448528844415874,13.917156571447904,14.388823953896589,102533100
2022-12-14,12.818591117858887,13.493254467563943,12.400659147679148,13.433549575030806,319501600
2022-12-15,13.158907890319824,13.355933226956779,12.436480896800301,12.537978866508794,132385600
2022-12-16,13.164878845214844,13.200702465951984,12.84247423001375,13.1111445528853,90767300
2022-12-19,13.361903190612793,13.439519890879573,12.920088817353548,13.194730861624803,63074100
2022-12-20,13.7738676071167,13.875365594765041,13.260407065039642,13.367875656523328,71875500
2022-12-21,14.072388648986816,14.161945414217547,13.642515492613674,14.030595567797544,74252800
2022-12-22,14.323149681091309,14.6634661056447,14.150006736483514,14.269415388922228,81894800
2022-12-23,14.997814178466797,15.05751793972846,14.40673692074532,14.40673692074532,68387900
2022-12-26,14.890344619750977,15.105280651651087,14.818698516600154,14.99781320508912,28765200
2022-12-27,14.991841316223145,15.111249959535074,14.657494381887153,15.075427480419103,50803200
2022-12-28,14.806754112243652,15.11721859422859,14.776902239996456,14.985868762054622,57293500
2022-12-29,14.627641677856445,14.956016851848938,14.585848598123874,14.920194374760452,57901800
2023-01-02,13.684308052062988,14.215679159111716,13.612661959344411,14.05447744335294,78424700
2023-01-03,13.33802318572998,13.79177880814486,13.212642788290092,13.696251428560274,96750300
2023-01-04,13.761924743652344,14.084330479312506,13.03352824502265,13.111143807991148,129504000
2023-01-05,14.257472038269043,14.353000540142826,13.821628301788378,13.935067472508,73886000
2023-01-06,14.173887252807617,14.52017426226446,14.060448071102897,14.293297037631124,51851500
2023-01-09,14.251505851745605,14.329121425069847,13.881336380536414,14.03059806204756,46385200
2023-01-10,14.382852554321289,14.394793759518953,13.952979416189416,14.299266395489648,52741100
2023-01-11,14.496294021606445,14.699289987006727,14.358972417640711,14.41867731430718,53536500
2023-01-12,14.705255508422852,14.717196712309235,14.394792178807997,14.502260736233703,58130000
2023-01-13,14.66943359375,14.723167874507585,14.478378879401225,14.591818043086782,40002700
2023-01-16,14.353002548217773,14.627643470853906,14.227622154875426,14.573909179246636,31973700
2023-01-17,15.236631393432617,15.296336288586463,14.39479567421425,14.39479567421425,91797500
2023-01-18,14.967958450317383,15.541123792669225,14.926165369486984,15.42768461700383,69692900
2023-01-19,15.457536697387695,15.493360314668674,14.80078632343459,14.926165567589836,75553300
2023-01-20,15.744122505187988,15.881442977461859,15.176927665759397,15.457539214159427,114219500
2023-01-23,15.994880676269531,16.47848815528538,15.600828830328458,15.684416137661964,87678100
2023-01-24,15.881441116333008,16.43669468298746,15.744120660151573,16.400871064071872,65794000
2023-01-25,16.084436416625977,16.168022579822967,15.529182872472107,15.85158745821483,51832900
2023-01-26,15.67247486114502,16.23966964496358,15.403803408014939,16.173994147803754,73344800
2023-01-27,15.296333312988281,15.66053093890462,15.188864750372469,15.630679066522864,47681900
2023-01-30,15.37395191192627,15.565006666103304,15.230660846293494,15.433656807300634,40683200
2023-01-31,15.5650053024292,15.6485914653645,15.2366301148039,15.302304469063323,54048900
2023-02-01,15.350066184997559,15.809792299740561,15.194835084817035,15.56500330644123,56349200
2023-02-02,14.639585494995117,15.40977515307531,14.579880596678338,15.230661596901186,83823000
2023-02-03,14.800786972045898,15.153043447203894,14.579879210903314,14.65152530982894,71170700
2023-02-06,15.391862869262695,15.445597158244428,14.776904416902894,14.84855051513724,82794500
2023-02-07,15.296333312988281,15.606796657596712,15.200804816059609,15.469476222599143,55311800
2023-02-08,15.553062438964844,15.61276732274489,15.26050976109616,15.403800798902703,48713100
2023-02-09,15.481419563293457,15.714267388573683,15.397833398070008,15.553064522406098,38198300
2023-02-10,15.953083992004395,15.994878208611288,15.481417792343368,15.511269665429472,54683100
2023-02-13,16.0008487701416,16.054583056404454,15.744119683167565,15.935174417090588,36726900
2023-02-14,15.941144943237305,16.156080948479403,15.881440054479375,16.030701706986182,35839000
2023-02-15,15.965028762817383,16.000851246277477,15.702327893632178,15.869501381072984,72554100
2023-02-16,16.030702590942383,16.09040748299253,15.815765435072304,15.881440930205072,44115700
2023-02-17,15.78591537475586,15.923235845127955,15.744122287144894,15.923235845127955,61085700
2023-02-22,15.379922866821289,15.588889436019029,15.338129780736978,15.52321393572872,38608500
2023-02-23,15.851588249206543,15.994880448660306,15.385892586698242,15.385892586698242,73913400
2023-02-24,15.463509559631348,15.941147610847247,15.44559888715,15.923235799589674,64409100
2023-02-27,15.61276912689209,15.965026729246254,15.409773181848125,15.427684990684735,76250600
2023-02-28,15.069457054138184,16.07249559135541,15.069457054138184,15.64859188487085,130248100
2023-03-01,15.105278015136719,15.182894708234038,14.442557085851487,15.11124861758851,109257700
2023-03-02,14.711228370666504,15.32618679998981,14.550026648536056,15.17692514480439,124516200
2023-03-03,15.344098091125488,15.367979362986263,14.597789840366001,14.824667047535437,87591800
2023-03-06,15.499329566955566,15.594858072956603,15.147073112048433,15.344098449296986,50227400
2023-03-07,14.985870361328125,15.391862244362157,14.884372390569617,15.356038627311353,59052500
2023-03-08,15.176926612854004,15.47544995210072,15.003782529478352,15.0157237363545,66220400
2023-03-09,15.111250877380371,15.660533858551279,15.093340206122546,15.135133290759004,68042300
2023-03-10,14.914225578308105,15.272453808904354,14.890344303615636,15.021694161364595,48118600
2023-03-13,14.442558288574219,14.842579575948758,14.388824000809276,14.65749430085792,58605500
2023-03-14,14.185830116271973,14.764965021137034,14.090302732763844,14.49629468206151,58916700
2023-03-15,13.935068130493164,14.018654292456498,13.612662410732796,13.929097527670633,93708800
2023-03-16,13.88730525970459,14.04253752585013,13.714161184042831,13.970891426561376,66821000
2023-03-17,14.036568641662598,14.036568641662598,13.648488498160676,13.791779575510173,93502700
2023-03-20,13.690278053283691,14.120151174383102,13.666395643834633,14.036565018863318,57575200
2023-03-21,13.970890998840332,14.090300781073804,13.779836258287643,13.851482355382942,43391200
2023-03-22,13.929098129272461,14.102242202275852,13.755955195045171,13.964920608978781,46435600
2023-03-23,13.612663269042969,14.132094359594,13.487284018192515,13.952980818728745,74711200
2023-03-24,13.606694221496582,13.809689042600956,13.421608932985645,13.558929394441252,52556800
2023-03-27,13.8395414352417,13.947010013716229,13.63057488140524,13.797748352229629,39148700
2023-03-28,14.084330558776855,14.114182435754064,13.821629714028196,13.863422797306733,29091100
2023-03-29,14.26941204071045,14.352999330458195,14.01268184698161,14.15597287955159,49148600
2023-03-30,14.311208724975586,14.496294018479333,14.138065777333983,14.4783822078504,56116900
2023-03-31,14.000743865966797,14.460468903526895,13.857451673289079,14.329119055477733,59547800
2023-04-03,14.621672630310059,14.627643233589149,14.209710114261862,14.382854193027095,73931200
2023-04-04,14.490321159362793,14.782873854772618,14.388823192483791,14.705257159571964,57505700
2023-04-05,14.5380859375,14.645554515094487,13.893275610709182,14.442558566032924,93626400
2023-04-06,14.329120635986328,14.579880292667138,14.2992687568385,14.532116602764898,29565400
2023-04-10,14.633615493774414,14.723172275548668,14.3470333365863,14.3470333365863,41455900
2023-04-11,15.320216178894043,15.34409859030779,14.705257750302707,14.747051970276765,80565000
2023-04-12,15.433653831481934,15.612767344293337,15.033632590012253,15.511269383359958,71563400
2023-04-13,15.541125297546387,15.576947779044623,15.403803697380196,15.433656714275523,38852800
2023-04-14,15.702325820922852,15.7620307113261,15.35603882311529,15.403802507682675,38421100
2023-04-17,15.947114944458008,16.0008492322728,15.648591629387425,15.666503438251047,49427100
2023-04-18,16.35310935974121,16.490430971343123,15.833679349043711,15.947117406364256,99478800
2023-04-19,15.827707290649414,16.30534416909584,15.791884809459967,16.215787396734154,73217800
2023-04-20,15.935175895690918,16.108318837333307,15.696357456127547,15.833677916529467,54738400
2023-04-24,16.239667892456055,16.275490369415564,15.82173481908308,15.881439706532934,43820900
2023-04-25,16.173992156982422,16.418781166914336,15.9530844184025,16.215785235930408,53854100
2023-04-26,15.970999717712402,16.25161126540996,15.970999717712402,16.191907504589036,40249400
2023-04-27,15.58292007446289,16.22773050532733,15.469480875495401,16.030705127529203,115632700
2023-04-28,15.93947982788086,16.1748719560856,15.569575529804618,15.872224384340553,81138500
2023-05-02,15.293830871582031,15.966382807620596,15.226575421419971,15.93948139723038,67911100
2023-05-03,15.240028381347656,15.461970492423937,15.078616053545922,15.199675620095011,51133700
2023-05-04,15.48214340209961,15.724261188095635,15.206397254999407,15.39471094601956,57854400
2023-05-05,16.141244888305664,16.25557875757613,15.58975255986843,15.67045806594706,83365200
2023-05-08,16.484249114990234,16.56495463389065,16.28248275215701,16.443896355540026,59352300
2023-05-09,16.53805160522461,16.679286890889838,16.302658179658263,16.41699205591672,33978200
2023-05-10,16.497699737548828,16.69273913531468,16.363188834903312,16.53805249522607,41500700
2023-05-11,17.102994918823242,17.136622000503518,16.094167074923714,16.228676684435754,136878100
2023-05-12,17.65448570251465,17.984035948360024,17.136620480704423,17.203875920891214,117237500
2023-05-15,17.257678985595703,17.587229211755407,17.082815364671845,17.52669944748212,81996700
2023-05-16,17.688112258911133,18.179076059823768,17.5401513211019,17.56032833739939,117782700
2023-05-17,17.257678985595703,17.99748621787641,17.156796472737142,17.889878033121846,107129200
2023-05-18,17.358562469482422,17.385465158571357,17.049189241704564,17.210601527865727,63010500
2023-05-19,17.331661224365234,17.60740737613712,17.244228766803904,17.540151935580138,69245500
2023-05-22,17.230775833129883,17.493070596516425,17.15006906135446,17.405638153527164,38010200
2023-05-23,17.65448570251465,17.77554523829271,17.16352316989547,17.25095434418472,58285300
2023-05-24,17.923505783081055,18.091643738424764,17.519974433698,17.65448531108928,54796400
2023-05-25,17.788999557495117,18.051294407013618,17.61413589688577,18.024391713324007,49182700
2023-05-26,18.024389266967773,18.09837038178209,17.84280124037306,18.031114939477334,39866600
2023-05-29,17.950410842895508,18.0378420267958,17.862978376204246,17.990763598327106,17977100
2023-05-30,17.74864387512207,18.02439004597747,17.66121269430074,17.970585946366437,45736700
2023-05-31,17.567054748535156,17.728467037333246,17.398916787354956,17.667937268685108,49207600
2023-06-01,18.131996154785156,18.158898842884557,17.593955220704885,17.68811206347124,63148200
2023-06-02,18.279956817626953,18.562428604670725,18.232878400251433,18.448094755562753,39919300
2023-06-05,18.474998474121094,18.535528241987656,18.313586187407207,18.52207818018795,39321700
2023-06-06,18.865079879760742,18.999590770009924,18.30013619317965,18.46154977459504,75426600
2023-06-07,19.41657066345215,19.544354579427672,19.120647517863727,19.268608449262572,82330400
2023-06-09,20.364871978759766,20.43885181540727,19.5174564314509,19.57126053209951,80442400
2023-06-12,20.72132110595703,20.84238063816639,20.20345718220368,20.324515431622256,119350400
2023-06-13,20.680889129638672,20.953194061966048,20.487408553967466,20.953194061966048,79174900
2023-06-14,21.56946563720703,21.56946563720703,20.695220651366213,20.738217247478634,98326000
2023-06-15,21.060686111450195,22.106913510215783,20.981861742456594,21.641127929313388,120579500
2023-06-16,21.23983383178711,21.440480531503773,20.809878765927408,20.946030565612528,94572000
2023-06-19,21.79877471923828,21.827437749024405,21.175337761564624,21.23266518793053,34573900
2023-06-20,21.906265258789062,22.03525232032676,21.426147511284178,21.71278466648252,55605300
2023-06-21,22.823509216308594,22.93099799605631,22.106915528931832,22.164242969250214,89294300
2023-06-22,22.536867141723633,22.708849425492218,22.271726933334335,22.544031874269507,43455800
2023-06-23,21.61246109008789,22.415046457503752,21.418980505961695,22.357719028887885,76023400
2023-06-26,22.099746704101562,22.25023070384141,21.58379980483003,21.58379980483003,53635000
2023-06-27,21.927762985229492,22.357719390193548,21.74144849751861,22.164238802940663,48399600
2023-06-28,22.135576248168945,22.343389051811975,21.89193431062587,21.913432611042204,36794600
2023-06-29,22.235898971557617,22.300392502208112,22.042418379606126,22.21440067240953,32071800
2023-06-30,21.1610107421875,22.271730340668707,21.010525366621287,22.214402903975365,104262900
2023-07-03,21.55513572692871,21.626795361263547,21.297161590040847,21.297161590040847,31266900
2023-07-04,21.605295181274414,21.77727746863933,21.469142024562874,21.469142024562874,18308000
2023-07-05,21.576631546020508,21.89193171396507,21.25416391199347,21.612460675670764,53585500
2023-07-06,21.246999740600586,21.497807771291075,20.8887029444124,21.390319005793383,47685700
2023-07-07,21.139509201049805,21.64112522033457,21.039186543910333,21.325823683447183,55533500
2023-07-10,21.175336837768555,21.261328656962757,20.78837706837864,20.86003668990821,25590200
2023-07-11,20.888702392578125,21.161008715891935,20.78121362992005,21.161008715891935,40877000
2023-07-12,20.903034210205078,21.332990619776375,20.881535911348703,20.924532509061454,40181800
2023-07-13,21.232667922973633,21.297161456792086,20.80987895331042,20.831375886720682,35886500
2023-07-14,20.81704330444336,21.196838400314096,20.68089150603161,21.13951096761604,34451100
2023-07-17,20.774049758911133,20.845709397302432,20.028793073305806,20.358425496394297,52160800
2023-07-18,20.659395217895508,20.924535474187717,20.573403377078215,20.78121619509021,35640400
2023-07-19,20.852872848510742,20.87436978054125,20.4730777700447,20.645060060257507,46517700
2023-07-20,20.874370574951172,21.032022038741253,20.69522217831248,20.83137534246015,33177100
2023-07-21,21.268497467041016,21.397484528878415,20.87437018178299,20.88870238127465,52059200
2023-07-24,21.712785720825195,21.791611454880073,21.325825884215647,21.354488917730432,45268100
2023-07-25,22.214401245117188,22.250230377827275,21.641126920992974,21.856104450841105,56261000
2023-07-26,22.214401245117188,22.372051342552897,21.949261015963614,22.1785721124071,45880200
2023-07-27,21.060686111450195,22.135576544360585,21.05352001121553,22.106913510215783,86471900
2023-07-28,21.32582664489746,21.461979817632262,21.010525064225142,21.08935080109169,43608600
2023-07-31,22.29322624206543,22.321889273929514,21.712784470387938,21.712784470387938,91290800
2023-08-01,21.927762985229492,22.278893662025247,21.461977449349156,22.278893662025247,75752400
2023-08-02,21.877605438232422,21.913434575344162,21.354491015560843,21.86327323667014,62068400
2023-08-03,22.157073974609375,22.30755797324391,21.942096443190376,22.164240074562514,57304400
2023-08-04,21.4978084564209,22.31472474039086,21.31149395244999,21.99942453378826,120685800
2023-08-07,21.63395881652832,21.8561024256938,21.39748300888928,21.39748300888928,44984900
2023-08-08,21.655454635620117,21.77727558280355,21.297157892938685,21.433311037859838,34771300
2023-08-09,21.82744026184082,22.0137547606773,21.61246272991847,21.648291862974258,48561500
2023-08-10,21.94925880432129,22.114076351844297,21.58379731376271,21.712782998598502,54020200
2023-08-11,21.899099349975586,22.24306530600605,21.612462192278347,21.93492984893385,39403200
2023-08-14,21.9564266204834,22.02808625108059,21.691287764105688,21.8417717582454,27992700
2023-08-15,22.114078521728516,23.038484904582063,22.10691242184665,22.96682390576342,87366200
2023-08-16,22.601362228393555,22.916662420326958,22.12840920690587,22.21440103812012,74461000
2023-08-17,22.52970314025879,23.06714697283416,22.43654520696359,22.751846773295785,57570600
2023-08-18,22.587032318115234,22.701687193492962,22.34339036623908,22.508206578745323,45579700
2023-08-21,22.429378509521484,22.952491494943196,22.19290268276963,22.716017034985125,42236900
2023-08-22,22.77105712890625,22.77105712890625,22.4958101481833,22.68922667700868,31372200
2023-08-23,23.983631134033203,23.983631134033203,23.12813451603282,23.209964972789663,95507400
2023-08-24,23.946434020996094,24.340707792027164,23.686066959003245,24.00594811390197,49332300
2023-08-25,23.782772064208984,24.15472801195825,23.65630746764241,24.087776083252777,34079000
2023-08-28,24.05058479309082,24.058022636153108,23.700946575609535,23.879483186987187,24956100
2023-08-29,24.102657318115234,24.177047097145028,23.797653264737924,24.102657318115234,40607500
2023-08-30,24.266315460205078,24.325829553808234,24.0282647613688,24.11009522117905,34637900
2023-08-31,23.76045799255371,24.3927810363818,23.715822423181802,24.33326694388592,48971500
2023-09-01,24.27375602722168,24.318388759427034,23.77533542788598,23.961312712843387,50089200
2023-09-04,24.02082633972168,24.340707490659888,23.96131224755266,24.31095044457538,21667400
2023-09-05,24.824247360229492,24.913518500787212,23.968753546629348,24.005948436300976,75082900
2023-09-06,24.935836791992188,25.144130460463387,24.71266459894613,24.809370752000103,57856500
2023-09-08,24.84656524658203,25.047418207714674,24.742415588121364,24.906076499342955,39074100
2023-09-11,24.824247360229492,25.062298059473722,24.7944931511651,24.898639977360926,30276200
2023-09-12,24.943273544311523,25.129250836679578,24.91351933425172,24.95815206823556,31963000
2023-09-13,24.571317672729492,25.069738265822565,24.571317672729492,25.032543376854576,47685700
2023-09-14,25.196205139160156,25.292914134844768,24.623394684395222,24.623394684395222,46502100
2023-09-15,25.211078643798828,25.28547125558299,25.00278500637913,25.196200121441997,54801500
2023-09-18,25.38962173461914,25.821087594018177,25.181325229382143,25.29291274425155,52363400
2023-09-19,25.44913101196289,25.75413364601474,25.34498418635321,25.44913101196289,43247200
2023-09-20,25.508644104003906,25.746694792563805,25.300347623172957,25.404497282482456,39102300
2023-09-21,25.114370346069336,25.50864410471038,25.017664204818487,25.292909781388232,60109400
2023-09-22,25.315227508544922,25.43425285923151,25.15156942496849,25.30778966565935,31020500
2023-09-25,25.47888946533203,25.538403561987987,25.24083875428484,25.25571727844883,26767200
2023-09-26,24.89120101928711,25.35986460738921,24.891201019287113,25.292912666231768,60687500
2023-09-27,25.67974090576172,25.67974090576172,25.129246956721744,25.18876104322891,53708700
2023-09-28,25.627668380737305,25.69462031146758,25.449128952860598,25.627668380737305,30765000
2023-09-29,25.76901626586914,25.80621116124432,25.478892109038675,25.664869423703188,40227600
2023-10-02,25.38218116760254,25.865723283826313,25.24083944088236,25.70206235135887,34403400
2023-10-03,25.27059555053711,25.464010687163004,25.017666317848914,25.27059555053711,37947300
2023-10-04,24.266315460205078,25.07717653992496,24.095216697778262,24.995346080114704,88895900
2023-10-05,24.348146438598633,24.504366680951943,24.020827430174332,24.184485515492366,35342000
2023-10-06,24.928394317626953,25.159007175265877,24.050584133161433,24.25143710600297,48132800
2023-10-09,25.999624252319336,26.096333232279655,25.36729979908719,25.404497525232905,77528400
2023-10-10,26.193037033081055,26.28974600439665,25.84340170842714,25.962427043204865,48326500
2023-10-11,26.126089096069336,26.222798082158718,25.657428365042556,26.140967619912953,41578500
2023-10-13,26.98902130126953,27.048535391543087,26.617066750423863,26.624507430602065,66943700
2023-10-16,27.286590576171875,27.37585888851307,26.75097502654774,27.078296901446258,49626600
2023-10-17,28.02305030822754,28.02305030822754,27.24938711487496,27.301460517183664,68814800
2023-10-18,28.655376434326172,28.722328361140935,28.201591467891426,28.261105552965777,85931700
2023-10-19,28.5214786529541,28.6181876428955,28.20903531536972,28.536357177390347,56016600
2023-10-20,28.156963348388672,28.90831326326594,27.81476578210225,28.78184721794099,66242400
2023-10-23,26.29718780517578,27.375856660241833,26.23023586692235,27.219636416913247,104499100
2023-10-24,26.691457748413086,26.922067739800998,26.163280161448476,26.52035900591024,78634900
2023-10-25,26.832801818847656,26.98902205348777,26.594751126694696,26.84024249923324,32846500
2023-10-26,26.557559967041016,26.72865874868794,26.14841045981676,26.66914464839936,47858600
2023-10-27,26.364137649536133,27.12292527688115,26.16328185072821,26.93694800070212,45843100
2023-10-30,26.09633445739746,26.57243586141765,25.932673535594944,26.468289034011757,31346900
2023-10-31,25.84340476989746,26.17072376986422,25.657427484914223,26.044257740425774,36965200
2023-11-01,26.126089096069336,26.43853242120878,25.962431009366064,26.051699314639507,46335300
2023-11-03,26.438533782958984,26.698900869162173,26.07401702448611,26.624511083900806,30959700
2023-11-06,26.41621208190918,26.877437787885782,26.41621208190918,26.587313679867425,33583600
2023-11-07,25.977306365966797,26.349260943975175,25.78389123402926,26.088893874484597,48919900
2023-11-08,25.41937255859375,25.888036085690082,25.225957441420345,25.73925369828623,59742900
2023-11-09,25.947551727294922,26.14840753663205,25.56071863202951,25.664865458103243,56231100
2023-11-10,25.82852554321289,26.08145475741396,25.67230247136217,25.783889974428675,40004800
2023-11-13,26.55011749267578,26.594753064877967,25.791329791968444,25.798770472896294,44120000
2023-11-14,26.914634704589844,26.959270277566066,26.401338385410867,26.55011795308824,50888600
2023-11-16,26.44597053527832,27.145246974153846,26.4087756441822,26.765851706723872,72361200
2023-11-17,27.308908462524414,27.465128727250693,26.646829670103738,26.65427035192231,87666300
2023-11-20,27.33122444152832,27.68830050634464,26.98158621986329,27.353540808770493,67796900
2023-11-21,27.048534393310547,27.182438253696276,26.713774742346228,27.182438253696276,49597800
2023-11-22,27.180919647216797,27.180919647216797,26.477431796283014,26.979924382237424,58578300
2023-11-23,27.188650131225586,27.25049664551753,26.910349663924183,27.157729823083727,24068100
2023-11-24,27.265958786010742,27.691143258236323,26.833042024851437,27.04176959099945,53456200
2023-11-27,27.111347198486328,27.366459667711137,26.863967018694954,27.057232968469737,36996000
2023-11-28,27.521066665649414,27.53652829360026,27.173190358269384,27.188649037216233,36875900
2023-11-29,27.23503875732422,27.853489240159245,27.01084953573261,27.752993064139158,37528600
2023-11-30,27.760719299316406,27.768448639297667,27.242767999450635,27.412840020076015,58808800
2023-12-01,27.575185775756836,27.830298258649965,27.466957309925032,27.613841326986353,36388100
2023-12-04,26.987661361694336,27.48242179924855,26.941276464796818,27.397384296105514,35601900
2023-12-05,26.863967895507812,27.188653286204758,26.809853663724986,26.99538733012197,43234200
2023-12-06,25.89763641357422,26.902618729374755,25.89763641357422,26.70935278598987,64179200
2023-12-07,25.835790634155273,26.4233207702702,25.542028515102157,26.01359790227209,64723900
2023-12-08,26.6629695892334,26.701622186286258,25.88217356334666,26.059977868993116,53290700
2023-12-11,26.562467575073242,26.817577046948273,26.46970076248267,26.63977276073142,30613300
2023-12-12,26.34601402282715,26.74800457781494,26.12955416744429,26.709351980105055,30371500
2023-12-13,26.72481918334961,26.763471789121795,26.39240146550021,26.446515703382225,38992900
2023-12-14,27.304615020751953,27.629303372122276,26.9335447256177,27.057234823995785,57950000
2023-12-15,27.3664608001709,27.66795522245509,27.057234088133296,27.273691017156928,56570100
2023-12-18,27.706602096557617,28.06221067758449,27.505606839587085,27.637026248182455,44474300
2023-12-19,28.023561477661133,28.023561477661136,27.68341448274622,27.79937227807883,32183000
2023-12-20,28.124059677124023,28.402363095267734,28.054483822588093,28.1163273882844,38947900
2023-12-21,28.131792068481445,28.355981285082674,27.88441188085404,28.34824899540431,30511900
2023-12-22,28.402360916137695,28.448742849600308,28.116325231100035,28.216824335275536,31234700
2023-12-26,28.85847282409668,28.889393134590403,28.47194092738392,28.495131897505296,23466800
2023-12-27,28.881662368774414,28.935776595723066,28.703858058942533,28.850739110802557,19588500
2023-12-28,28.788896560668945,28.88166338885679,28.63428321435301,28.781164271400787,21421900
2024-01-02,29.206342697143555,29.29138016740899,28.912580644049463,28.943500947688424,24043800
2024-01-03,30.118562698364258,30.242252779197216,29.121309762833718,29.221808875074288,52300200
2024-01-04,29.863454818725586,30.42005873820108,29.770685041309413,30.24225442165988,45344900
2024-01-05,29.933029174804688,30.25771453245087,29.693378352015248,30.04898696724797,35783700
2024-01-08,29.70884132385254,29.70884132385254,29.0749292596921,29.67018872462408,35158100
2024-01-09,29.45372772216797,29.95622033972634,29.39961349553912,29.894373824148126,27279000
2024-01-10,29.183156967163086,29.58515047661776,28.99762036702854,29.453728103813244,27382000
2024-01-11,29.430538177490234,29.49238469606124,29.144505401610132,29.360962318600013,26564400
2024-01-12,29.507841110229492,29.940757859961632,29.50784111022949,29.762953556233455,24479500
2024-01-15,29.824800491333008,29.855720799675982,29.268193655101555,29.3686927669776,13818300
2024-01-16,29.45372772216797,29.98714359751545,29.438269042277593,29.84799188646864,31277700
2024-01-17,29.283658981323242,29.492386571265357,29.237274089445712,29.353234844637278,27577300
2024-01-18,29.167692184448242,29.48464817411371,29.036272774857046,29.48464817411371,22987200
2024-01-19,29.01308250427246,29.299118224031496,28.781163961795507,29.229542366387985,31745200
2024-01-22,29.14450454711914,29.22954203315889,28.781163633678112,28.98989120422907,22753700
2024-01-23,29.507841110229492,29.662454445776977,28.935775602409112,29.252731613229617,32498500
2024-01-24,29.283658981323242,29.793880995958027,29.19862148738336,29.600615036641752,25415300
2024-01-25,30.36594581604004,30.36594581604004,29.476924195074073,29.57742036809342,48655300
2024-01-26,30.891624450683594,30.992123556449688,30.079908163197928,30.22678920316072,41378200
2024-01-29,31.36319923400879,31.378660864433535,30.791133653315534,30.92255308841917,30547500
2024-01-30,31.169933319091797,31.494621660438835,30.96120573158395,31.053972565252614,34829000
2024-01-31,31.510074615478516,31.881147780726103,31.061699210060578,31.10035180464772,57978900
2024-02-01,32.136260986328125,32.375911818931826,31.44050240715885,31.525539894502238,61629200
2024-02-02,31.71880531311035,32.298603136473595,31.71107597302737,32.143992742780114,36485600
2024-02-05,31.85795783996582,32.22129876223083,31.641500924065458,31.70334449332086,27703000
2024-02-06,32.15171813964844,32.739245231038,31.904338001273477,32.04348969773488,35474600
2024-02-07,32.623294830322266,32.623294830322266,32.02030302624073,32.09761118009966,30648100
2024-02-08,32.36044692993164,32.81655463055481,32.36044692993164,32.700593896038896,25589100
2024-02-09,31.927534103393555,32.7237918165613,31.92753410339355,32.57690780833395,30388000
2024-02-14,31.68788719177246,32.00484323913618,31.58738806972901,31.772921734573686,18315300
2024-02-15,32.70059585571289,32.70059585571289,31.579652834564662,31.70334291592559,33246400
2024-02-16,33.00209045410156,33.15670379403471,32.51506241446777,32.538253383306284,37268900
2024-02-19,33.1644401550293,33.19536046760909,32.901598329571556,33.05620873948414,12826700
2024-02-20,32.81655502319336,33.1025877696832,32.545980955753556,33.06393517405009,42375400
2024-02-21,32.862937927246094,33.025283552098,32.56917583257028,32.816555990720495,20873800
2024-02-22,32.61555862426758,32.994361160181995,32.31406423292966,32.98662887122226,32162800
2024-02-23,32.39137268066406,32.65421447667581,32.16718348280023,32.57690633137577,43924500
2024-02-26,33.00209045410156,33.033013711889026,32.33725810569611,32.391372332322085,25885700
2024-02-27,32.955711364746094,33.10259242842504,32.762445410376955,33.0098255960491,27678100
2024-02-28,31.25497055053711,33.19535944564614,30.791133437070126,32.87067405602014,112322000
2024-02-29,31.030776977539062,31.881148831503456,30.80658779293903,31.37865623829704,61899800
2024-03-01,31.061702728271484,31.579654042213726,31.030779469497666,31.193122154553805,31248500
2024-03-04,30.98439598083496,31.502347268874853,30.938011094993907,31.131277029158785,21988000
2024-03-05,30.891624450683594,31.20858044671148,30.621053337856356,30.999852895814488,30293300
2024-03-06,31.57192611694336,31.57192611694336,31.007589889549212,31.077165750406266,45481000
2024-03-07,31.224042892456055,31.649227344753868,31.139005412195687,31.4173088206827,50199800
2024-03-08,28.37143898010254,28.649742389831705,27.134535264528918,27.75298859681775,230369800
2024-03-11,27.559722900390625,29.175426199176847,27.289148827979034,27.57518157972471,127528700
2024-03-12,28.46421241760254,28.781168497033562,27.95399036415249,28.10087144276525,76139100
2024-03-13,28.124059677124023,28.858470819669016,28.069945451263205,28.526053175664483,45140600
2024-03-14,28.000370025634766,28.541512292532122,27.946255798945028,28.40236353033293,39983400
2024-03-15,28.077672958374023,28.178172063700256,27.783907930730237,28.06221133070815,59362500
2024-03-18,28.093141555786133,28.386906656311343,27.443767777733104,28.14725579154016,35326100
2024-03-19,27.884410858154297,28.487399674755085,27.49014962014709,28.131791036708687,48540800
2024-03-20,28.37143898010254,28.40236223651779,27.68341274438546,28.008098089733455,39017900
2024-03-21,27.598377227783203,28.64974442868988,27.582915598475253,28.487398795458514,47220200
2024-03-22,27.86894989013672,28.0003722719294,27.389651151431845,27.752992087500793,34426800
2024-03-25,28.294132232666016,28.471939491309417,27.953985242356765,27.96944687132594,26951500
2024-03-26,28.03129005432129,28.34824607133829,27.961714199414917,28.34824607133829,24837800
2024-03-27,28.255481719970703,28.340519211074742,27.92306404511186,28.046754136989264,19995700
2024-03-28,28.881662368774414,29.005352451657647,28.193636098423678,28.216827067400473,31958200
2024-04-01,29.10585594177246,29.152237886699805,28.765705950947208,28.989895181444826,23697800
2024-04-02,29.85572624206543,29.87892016380584,29.198623123178983,29.23727572740677,45930700
2024-04-03,29.701112747192383,30.157220552711177,29.546502330952517,29.917572638136583,31437200
2024-04-04,29.3609619140625,30.520557580252984,28.93577742626018,29.73976446257994,165566800
2024-04-05,29.45372772216797,29.817068628679536,28.734778198094205,29.29911733123079,65469200
2024-04-08,29.863454818725586,30.195872481956098,29.16769623312583,29.399614778657646,36384400
2024-04-09,29.940757751464844,30.257713761136788,29.42280647061238,30.0721801183554,36989300
2024-04-10,30.60559844970703,30.71382691867065,29.886648821300565,29.940763055782377,55821500
2024-04-11,30.38140296936035,30.7370115653453,30.304097778582403,30.613321490698183,33195300
2024-04-12,30.103103637695312,30.96120493686688,29.917569975120287,30.706095413575124,39613500
2024-04-15,30.389137268066406,30.497365721916385,29.86345367879148,30.103101555458096,28692000
2024-04-16,30.528291702270508,30.698363738199337,30.110836529618513,30.157218471687987,37303000
2024-04-17,30.752479553222656,30.883901943529427,30.41233251484828,30.528293274001044,39221700
2024-04-18,30.806589126586914,31.37865759671034,30.65197873644927,30.922549868194306,45078800
2024-04-19,31.332277297973633,31.749732490079513,30.798864296285853,30.961206999103272,80546900
2024-04-22,32.08214569091797,32.15172154652109,31.324543568241854,31.510077217180726,51775500
2024-04-23,32.020301818847656,32.18264746132756,31.664693171519147,32.00484313766331,35456900
2024-04-24,31.873422622680664,32.460952808253396,31.85796099158616,32.12080282218352,45388300
2024-04-25,32.63875961303711,32.83975493447149,31.757467216970127,32.00484743519929,66372400
2024-04-26,33.099708557128906,33.203018786269915,32.63877480281481,32.81361216225552,31899100
2024-04-29,33.497066497802734,33.497066497802734,32.837454978902386,32.96460860486634,27886000
2024-04-30,33.39374923706055,33.54474320247192,33.075863694363605,33.377854656767575,36635400
2024-05-02,33.52090072631836,33.6798434876075,33.25069894160113,33.576530238032404,33244700
2024-05-03,33.094478607177734,33.75819277217542,32.729436607638696,33.75819277217542,45114200
2024-05-06,33.31848907470703,33.48441843875708,32.95344700566843,33.07789165507643,22977200
2024-05-07,33.725013732910156,33.725013732910156,33.185744124944144,33.310191931348356,23808600
2024-05-08,34.2393913269043,34.28917108162869,33.44293424034893,33.47611757865939,25352000
2024-05-09,34.57124328613281,34.71228432750278,33.96560390810602,34.065163407251454,27206400
2024-05-10,34.49658203125,34.91969887011051,34.43020902485039,34.71228797237044,27968700
2024-05-13,34.52976608276367,34.820143244500485,34.438504779498935,34.62932559441931,18394300
2024-05-14,33.907535552978516,34.264282580543636,33.31848931298566,33.81627424385636,53613200
2024-05-15,31.858318328857422,32.19847210840441,31.111637756759414,31.19460085817499,131281100
2024-05-16,30.929113388061523,32.06572743523051,30.895930048274124,31.775350267006033,83168500
2024-05-17,30.439620971679688,31.045260388602358,30.29028487820955,30.987185592790528,67207900
2024-05-20,30.489402770996094,30.895929533805297,30.38984642361313,30.472809518959064,40400400
2024-05-21,30.43132972717285,30.771483501460793,30.340068418123014,30.522591036222686,27967400
2024-05-22,30.846147537231445,31.07844671919874,30.20732162198239,30.28198966830602,36528800
2024-05-23,30.5391788482666,31.285856110950697,30.34006301264754,31.061851982693817,47987800
2024-05-24,30.373252868652344,30.854444513570254,30.340066364909262,30.7548881671802,23684700
2024-05-27,30.705110549926758,30.7631885179414,30.43962483117157,30.464516293131965,13623300
2024-05-28,31.36052703857422,31.76705378980861,31.036966545162727,31.06185484009003,46437700
2024-05-29,31.319046020507812,31.46008391392769,31.061855364176104,31.285859516818718,29246800
2024-05-31,32.18186950683594,32.26483258415207,31.443487358271344,31.468375648498476,53929400
2024-06-03,32.007652282714844,32.29802628290816,31.89149951779828,32.21506318709271,43454500
2024-06-04,31.650901794433594,31.883200969050275,31.27756157462901,31.858312676009596,34090200
2024-06-05,31.6923885345459,31.883206197104514,31.584533972286017,31.742165128789374,18627100
2024-06-06,31.841716766357422,32.123795668335774,31.75045547971169,31.758750521752834,25944100
2024-06-07,30.64703369140625,31.916390561716856,30.58066384858826,31.70897966004693,46003600
2024-06-10,31.111637115478516,31.57623870241184,30.796371639886637,30.854446442648378,32560900
2024-06-11,31.24437713623047,31.526456080385376,31.11163428985399,31.368824939325524,31131300
2024-06-12,30.564517974853516,31.614052967540186,30.385329788177046,31.528726189601276,52182400
2024-06-13,30.25733757019043,30.88023218795146,29.736835741031854,30.63278322007953,46233500
2024-06-14,29.591777801513672,30.291467782857932,29.13954002832986,30.282936407235237,53534900
2024-06-17,29.70270538330078,29.975754974887494,29.241932976870253,29.361391766313453,40941800
2024-06-18,30.632787704467773,30.83757331165161,29.711242707114884,29.770972113794215,36180700
2024-06-19,30.658382415771484,30.820504611892822,30.351200776797786,30.63278503085976,20776200
2024-06-20,31.14474868774414,31.47752767346946,30.88876510295604,30.905831109276296,39442900
2024-06-21,31.306873321533203,31.537259542420383,31.042358340335735,31.187414522926847,43340200
2024-06-24,31.622591018676758,31.622591018676758,31.1276865390794,31.434868180897304,24599400
2024-06-25,31.596988677978516,31.673784084299886,31.36660245901441,31.61405468549528,18572600
2024-06-26,31.648189544677734,31.6737869307492,31.323941882736115,31.40073729595891,25553200
2024-06-27,32.17721939086914,32.39053959885158,31.844440387217826,32.00656257348158,37731000
2024-06-28,32.46733474731445,32.569727534934486,32.177219136550995,32.25401454101803,22019700
2024-07-01,32.96223831176758,33.07316247248615,32.57826129964343,32.68918871536995,24963500
2024-07-02,32.85984420776367,33.36328004109515,32.800114808470795,33.13289707525585,33346200
2024-07-03,32.288150787353516,33.09876832853215,32.21988674998719,33.02197291399926,38509400
2024-07-04,31.844440460205078,32.39053967309049,31.67378364242637,32.33934490626252,32698800
2024-07-05,32.015098571777344,32.12602599606751,31.665253545946694,31.955369171392224,32758800
2024-07-08,32.800113677978516,32.8683777062508,31.818842684124625,31.980964868759262,48845900
2024-07-09,32.79158401489258,33.02197023983425,32.655059206224344,32.80865002285213,34832500
2024-07-10,32.484397888183594,32.9025068878366,32.40760249049254,32.84277749574442,32899700
2024-07-11,32.70625686645508,32.80864965806574,32.51853403599541,32.561197427915836,17229400
2024-07-12,32.55266571044922,32.859844082062594,32.544131079149665,32.79158330670677,15779100
2024-07-15,32.85131072998047,33.04756492296122,32.59532714152766,32.68065391934262,22969200
2024-07-16,32.765987396240234,32.851314183024,32.51853515755573,32.723320747840084,19637000
2024-07-17,32.9366340637207,33.0134294577271,32.71478251159533,32.79157790560173,24606100
2024-07-18,32.87690734863281,32.9878347612219,32.72331654812727,32.85130996688451,21315500
2024-07-19,33.01343536376953,33.08169939510201,32.757451756289086,32.851313171867154,30593100
2024-07-22,32.356407165527344,32.928107008123966,32.322278406498064,32.928107008123966,25807800
2024-07-23,31.93829917907715,32.42466895297109,31.93829917907715,32.35640492961373,25284700
2024-07-24,32.19428634643555,32.42467256844389,31.998032139911732,32.1345569468417,23863800
2024-07-25,32.15161895751953,32.21134834968787,31.801773979815948,32.04922617880349,19562600
2024-07-26,32.117488861083984,32.53559788619725,31.929766043072974,32.14308624353714,32043200
2024-07-29,31.468996047973633,32.18575203269455,31.07648441573971,32.006560595258435,39790000
2024-07-30,31.27274513244629,31.375137925263722,31.050890283832278,31.153283076649714,16040700
2024-07-31,31.921236038208008,31.921236038208008,31.537259009879907,31.614054415545528,28561100
2024-08-01,31.43486976623535,32.27961932383741,31.392206370499753,32.211355286653685,29756300
2024-08-02,30.48772621154785,31.40073651549925,30.48772621154785,31.332475736002486,36483900
2024-08-05,30.462127685546875,30.462127685546875,29.523516776295462,29.694173601160102,44765900
2024-08-06,30.991161346435547,31.281276976259345,30.154946473415958,30.376798070336157,36009000
2024-08-07,30.94849967956543,31.358074134806795,30.718113438178083,31.315410739366566,25020500
2024-08-08,31.443397521972656,31.528727558624656,30.85463491661021,31.016757103736893,29870300
2024-08-09,31.153284072875977,31.52872975022632,30.359735834404347,30.829039676083973,66082100
2024-08-12,31.86150360107422,32.26254659852327,31.400731211027363,31.400731211027363,39655100
2024-08-13,31.665250778198242,32.10895718156789,31.54579198786947,32.02362714918455,28557200
2024-08-14,32.21988296508789,32.424671798121686,31.707915765015517,31.733513148516714,37955500
2024-08-15,32.714786529541016,32.902509350169524,32.42467092266423,32.467334312350346,33409000
2024-08-16,32.85131072998047,33.081696936090374,32.45026771323271,32.56972650417683,35472700
2024-08-19,32.800113677978516,33.09876391915772,32.7659849188504,32.93663847951506,28138200
2024-08-20,32.67212677001953,33.00490580355716,32.33081310459162,32.85131497961543,27322600
2024-08-21,32.47587203979492,33.09876670262625,32.37347598877542,33.00490528336252,38491900
2024-08-22,32.57521057128906,32.7331725328386,32.34704515329788,32.71562083181703,26334300
2024-08-23,32.37337112426758,32.93501216799737,32.37337112426758,32.79460190706492,29239000
2024-08-26,34.725242614746094,34.760346013968025,33.0929713750149,33.224607448274924,102270300
2024-08-27,34.2601318359375,34.54972648964834,34.181150867171965,34.444419647175685,35073100
2024-08-28,34.75157165527344,34.9797404233516,34.031968643909465,34.17237890594037,43284500
2024-08-29,34.51462936401367,34.95341181706661,34.470748440592814,34.795449866156,25356600
2024-08-30,34.54973220825195,34.795452678218204,34.11972724418928,34.41809947028459,84437200
2024-09-02,34.225032806396484,34.57606012295582,34.12850012696044,34.51463084470463,15288400
2024-09-03,33.81257629394531,34.06707093168849,33.68094356064837,34.04074505455802,35866300
2024-09-04,33.821353912353516,34.154826182417565,33.80380221166942,33.9968675715499,28851300
2024-09-05,33.61073684692383,34.128500300273664,33.61073684692383,33.91788658738418,26206600
2024-09-06,32.95256423950195,33.742374058403456,32.882360782068886,33.67216725332567,32971700
2024-09-09,33.31236267089844,33.56685729434249,33.00521629615176,33.207055820648776,30521800
2024-09-10,32.759498596191406,33.2772586619519,32.469900578754846,33.2772586619519,37263500
2024-09-11,32.724395751953125,33.19828159889006,32.355816755120706,33.13684897638098,32907000
2024-09-12,32.3558235168457,32.75072847182045,32.25051664473414,32.72440259070383,22103300
2024-09-13,32.20663070678711,32.95255949120815,32.11009803753737,32.566432161853434,34729600
2024-09-16,32.65419006347656,33.1017500500125,32.61031248674517,32.680519287631014,22614800
2024-09-17,32.505008697509766,32.63664144011377,32.206636460904576,32.619089738237605,23443700
2024-09-18,31.723976135253906,32.408475765004326,31.723976135253906,32.390924063261394,38777000
2024-09-19,31.82928466796875,32.27684136913752,31.759077857313656,32.09255351263538,25059700
2024-09-20,31.82050323486328,31.943365138420738,31.653767101502172,31.829280758939674,48336200
2024-09-23,32.145206451416016,32.43480115671349,31.785404940201115,31.934589381308502,28218500
2024-09-24,32.27684020996094,32.741951944734645,32.22418845150551,32.671745136600926,35104100
2024-09-25,32.51377868652344,32.84725428392594,32.434797712076644,32.55765626173957,38655300
2024-09-26,31.81172752380371,32.39969439806401,31.566010423831578,32.39969439806401,58048200
2024-09-27,31.688871383666992,31.925814325649426,31.53090942234537,31.925814325649426,34537400
2024-09-30,31.60110855102539,31.83805146055933,31.522127581180744,31.73274461664787,21146300
2024-10-01,32.44357681274414,32.92623685887181,31.44315331955181,31.601111928479146,49748200
2024-10-02,32.89113235473633,33.28603723292061,32.777047979339876,33.1280752816469,32014500
2024-10-03,33.2948112487793,33.382569747755866,32.6541892706503,32.856028796829754,31033000
2024-10-04,33.20705795288086,33.522981871559786,33.05787017010709,33.47910429344208,22526800
2024-10-07,33.67216491699219,33.68094244084024,33.25971168253466,33.382570235251556,36418000
2024-10-08,32.99644088745117,33.12807696943393,32.864808153113046,32.88235985388705,34142000
2024-10-09,32.662967681884766,32.926236490679116,32.47867650284864,32.79460041245968,30789800
2024-10-10,33.040321350097656,33.119302328651344,32.750723312852614,32.82093011496459,20630100
2024-10-11,33.01398849487305,33.04031771659185,32.75071971119444,32.99643679627525,16343000
2024-10-14,33.09297180175781,33.259711276389915,32.777047899975344,32.882358098999134,22279000
2024-10-15,32.82093048095703,32.829704657496585,32.522558263943075,32.65419099790403,28204600
2024-10-16,32.65419006347656,32.9788914961068,32.6366383632551,32.952562271952345,23041200
2024-10-17,32.408470153808594,32.654187240376665,32.19785311700437,32.654187240376665,22174300
2024-10-18,32.32071304321289,32.531326719570046,31.95213408812183,32.4523457540251,32000800
2024-10-21,31.81172752380371,32.51377877204153,31.767849948472175,32.46990119671,28390000
2024-10-22,31.688871383666992,31.855607521664407,31.583564525334133,31.767852364327805,29144300
2024-10-23,31.293964385986328,31.53968148819972,31.21498341061139,31.51335561228955,30769100
